Length,Width,Count
150,15,999
175,15,999
200,15,999
220,15,999
225,15,999
250,15,999
275,15,999
300,15,999
320,15,999
325,15,999
350,15,999
375,15,999
400,15,999
425,15,999
450,15,999
475,15,999
500,15,999
520,15,999
525,15,999
550,15,999
575,15,999
600,15,999
625,15,999
650,15,999
675,15,999
700,15,999
725,15,999
750,15,999
775,15,999
800,15,999
825,15,999
850,15,999
875,15,999
900,15,999
925,15,999
950,15,999
975,15,999
1000,15,999
1050,15,999
1100,15,999
1125,15,999
1150,15,999
1200,15,999
1250,15,999
1300,15,999
1350,15,999
1400,15,999
1450,15,999
1500,15,999
